GROUP,PACKAGE,CLASS,INSTRUCTION_MISSED,INSTRUCTION_COVERED,BRANCH_MISSED,BRANCH_COVERED,LINE_MISSED,LINE_COVERED,COMPLEXITY_MISSED,COMPLEXITY_COVERED,METHOD_MISSED,METHOD_COVERED
Timesheet-spring-boot-core-data-jpa-mvc-REST-1,tn.esprit.spring.controller,RestControlEntreprise,39,3,0,0,11,1,7,1,7,1
Timesheet-spring-boot-core-data-jpa-mvc-REST-1,tn.esprit.spring.controller,RestControlTimesheet,66,3,0,0,17,1,11,1,11,1
Timesheet-spring-boot-core-data-jpa-mvc-REST-1,tn.esprit.spring.controller,RestControlEmploye,115,3,2,0,32,1,19,1,18,1
Timesheet-spring-boot-core-data-jpa-mvc-REST-1,tn.esprit.spring,ServletInitializer,12,0,0,0,2,0,2,0,2,0
Timesheet-spring-boot-core-data-jpa-mvc-REST-1,tn.esprit.spring,TimesheetSpringBootCoreDataJpaMvcRest1Application,5,3,0,0,2,1,1,1,1,1
Timesheet-spring-boot-core-data-jpa-mvc-REST-1,tn.esprit.spring.services,EmployeServiceImpl,220,206,15,11,37,47,21,22,9,21
Timesheet-spring-boot-core-data-jpa-mvc-REST-1,tn.esprit.spring.services,TimesheetServiceImpl,199,134,18,4,37,26,21,11,10,11
Timesheet-spring-boot-core-data-jpa-mvc-REST-1,tn.esprit.spring.services,EntrepriseServiceImpl,41,122,6,8,9,25,9,10,4,8
Timesheet-spring-boot-core-data-jpa-mvc-REST-1,tn.esprit.spring.advice,ExecutionTimeTrackerAdvice,0,33,0,0,0,7,0,2,0,2
Timesheet-spring-boot-core-data-jpa-mvc-REST-1,tn.esprit.spring.entities,Contrat,37,40,0,0,16,17,9,5,9,5
Timesheet-spring-boot-core-data-jpa-mvc-REST-1,tn.esprit.spring.entities,Employe,44,40,0,0,20,16,12,8,12,8
Timesheet-spring-boot-core-data-jpa-mvc-REST-1,tn.esprit.spring.entities,Timesheet,31,0,0,0,13,0,9,0,9,0
Timesheet-spring-boot-core-data-jpa-mvc-REST-1,tn.esprit.spring.entities,TimesheetPK,159,0,26,0,49,0,25,0,12,0
Timesheet-spring-boot-core-data-jpa-mvc-REST-1,tn.esprit.spring.entities,Role,0,44,0,0,0,2,0,1,0,1
Timesheet-spring-boot-core-data-jpa-mvc-REST-1,tn.esprit.spring.entities,MissionExterne,25,3,0,0,10,2,5,1,5,1
Timesheet-spring-boot-core-data-jpa-mvc-REST-1,tn.esprit.spring.entities,Entreprise,19,40,0,0,7,15,4,7,4,7
Timesheet-spring-boot-core-data-jpa-mvc-REST-1,tn.esprit.spring.entities,Departement,19,25,0,0,9,11,5,7,5,7
Timesheet-spring-boot-core-data-jpa-mvc-REST-1,tn.esprit.spring.entities,Mission,22,25,0,0,10,11,6,6,6,6
Timesheet-spring-boot-core-data-jpa-mvc-REST-1,exceptions,ResourceNotFoundException,4,0,0,0,2,0,1,0,1,0
